EPIC,RA,Dec,Ch,Col,Row
220335172,0.8550897,3.3850194,64,636,580
